{
  "153,25": {
    "object": "door-locked_wood",
    "params": {
      "script": "quest-family-mcdavid_door"
    },
    "rotation": 270,
    "x": 25,
    "y": 25,
    "gx": 153,
    "gy": 25
  },
  "154,31": {
    "object": "door-wood",
    "rotation": 180,
    "x": 26,
    "y": 31,
    "gx": 154,
    "gy": 31
  },
  "157,24": {
    "object": "door-wood",
    "rotation": 270,
    "x": 29,
    "y": 24,
    "gx": 157,
    "gy": 24
  },
  "162,13": {
    "object": "door-wood",
    "rotation": 180,
    "x": 34,
    "y": 13,
    "gx": 162,
    "gy": 13
  },
  "169,17": {
    "object": "door-wood",
    "rotation": 270,
    "x": 41,
    "y": 17,
    "gx": 169,
    "gy": 17
  },
  "186,61": {
    "object": "dungeon-stairs-large_down",
    "params": {
      "layer": "dungeon",
      "offset-x": 3,
      "offset-y": 0
    },
    "rotation": 90,
    "x": 58,
    "y": 61,
    "gx": 186,
    "gy": 61
  },
  "128,41": {
    "object": "environment-rocks-rock1",
    "tint": {
      "r": 220,
      "g": 220,
      "b": 220
    },
    "x": 0,
    "y": 41,
    "gx": 128,
    "gy": 41
  },
  "133,10": {
    "object": "environment-plants-flower",
    "rotation": 270,
    "tint": {
      "r": 228,
      "g": 228,
      "b": 228
    },
    "x": 5,
    "y": 10,
    "gx": 133,
    "gy": 10
  },
  "133,101": {
    "object": "environment-plants-flower",
    "rotation": 270,
    "tint": {
      "r": 227,
      "g": 227,
      "b": 227
    },
    "x": 5,
    "y": 101,
    "gx": 133,
    "gy": 101
  },
  "133,6": {
    "object": "environment-plants-mushroom",
    "rotation": 180,
    "tint": {
      "r": 231,
      "g": 231,
      "b": 231
    },
    "x": 5,
    "y": 6,
    "gx": 133,
    "gy": 6
  },
  "133,87": {
    "object": "environment-plants-redflower",
    "tint": {
      "r": 241,
      "g": 241,
      "b": 241
    },
    "x": 5,
    "y": 87,
    "gx": 133,
    "gy": 87
  },
  "134,34": {
    "object": "environment-plants-redflower",
    "rotation": 270,
    "tint": {
      "r": 249,
      "g": 249,
      "b": 249
    },
    "x": 6,
    "y": 34,
    "gx": 134,
    "gy": 34
  },
  "134,89": {
    "object": "environment-plants-redflower",
    "tint": {
      "r": 222,
      "g": 222,
      "b": 222
    },
    "x": 6,
    "y": 89,
    "gx": 134,
    "gy": 89
  },
  "135,85": {
    "object": "environment-plants-bush3",
    "rotation": 270,
    "tint": {
      "r": 235,
      "g": 235,
      "b": 235
    },
    "x": 7,
    "y": 85,
    "gx": 135,
    "gy": 85
  },
  "135,87": {
    "object": "environment-plants-redflower",
    "rotation": 270,
    "tint": {
      "r": 235,
      "g": 235,
      "b": 235
    },
    "x": 7,
    "y": 87,
    "gx": 135,
    "gy": 87
  },
  "136,10": {
    "object": "environment-plants-flower",
    "tint": {
      "r": 233,
      "g": 233,
      "b": 233
    },
    "x": 8,
    "y": 10,
    "gx": 136,
    "gy": 10
  },
  "136,12": {
    "object": "environment-plants-flower",
    "rotation": 180,
    "tint": {
      "r": 235,
      "g": 235,
      "b": 235
    },
    "x": 8,
    "y": 12,
    "gx": 136,
    "gy": 12
  },
  "137,89": {
    "object": "environment-plants-redflower",
    "rotation": 180,
    "tint": {
      "r": 227,
      "g": 227,
      "b": 227
    },
    "x": 9,
    "y": 89,
    "gx": 137,
    "gy": 89
  },
  "138,126": {
    "object": "environment-plants-flower",
    "rotation": 90,
    "tint": {
      "r": 226,
      "g": 226,
      "b": 226
    },
    "x": 10,
    "y": 126,
    "gx": 138,
    "gy": 126
  },
  "139,0": {
    "object": "environment-plants-flower",
    "rotation": 270,
    "tint": {
      "r": 221,
      "g": 221,
      "b": 221
    },
    "x": 11,
    "y": 0,
    "gx": 139,
    "gy": 0
  },
  "139,116": {
    "object": "environment-plants-violetflower",
    "rotation": 180,
    "tint": {
      "r": 252,
      "g": 252,
      "b": 252
    },
    "x": 11,
    "y": 116,
    "gx": 139,
    "gy": 116
  },
  "139,127": {
    "object": "environment-plants-flower",
    "tint": {
      "r": 216,
      "g": 216,
      "b": 216
    },
    "x": 11,
    "y": 127,
    "gx": 139,
    "gy": 127
  },
  "139,50": {
    "object": "environment-plants-bush2",
    "rotation": 90,
    "tint": {
      "r": 254,
      "g": 254,
      "b": 254
    },
    "x": 11,
    "y": 50,
    "gx": 139,
    "gy": 50
  },
  "139,87": {
    "object": "environment-plants-redflower",
    "rotation": 180,
    "tint": {
      "r": 232,
      "g": 232,
      "b": 232
    },
    "x": 11,
    "y": 87,
    "gx": 139,
    "gy": 87
  },
  "140,126": {
    "object": "environment-plants-flower",
    "rotation": 270,
    "tint": {
      "r": 230,
      "g": 230,
      "b": 230
    },
    "x": 12,
    "y": 126,
    "gx": 140,
    "gy": 126
  },
  "140,127": {
    "object": "environment-plants-redflower",
    "rotation": 180,
    "tint": {
      "r": 219,
      "g": 219,
      "b": 219
    },
    "x": 12,
    "y": 127,
    "gx": 140,
    "gy": 127
  },
  "141,16": {
    "object": "environment-plants-bush3",
    "rotation": 90,
    "tint": {
      "r": 243,
      "g": 243,
      "b": 243
    },
    "x": 13,
    "y": 16,
    "gx": 141,
    "gy": 16
  },
  "142,114": {
    "object": "environment-plants-violetflower",
    "rotation": 270,
    "tint": {
      "r": 239,
      "g": 239,
      "b": 239
    },
    "x": 14,
    "y": 114,
    "gx": 142,
    "gy": 114
  },
  "142,126": {
    "object": "environment-plants-flower",
    "rotation": 180,
    "tint": {
      "r": 228,
      "g": 228,
      "b": 228
    },
    "x": 14,
    "y": 126,
    "gx": 142,
    "gy": 126
  },
  "142,37": {
    "object": "environment-plants-mushroom",
    "tint": {
      "r": 249,
      "g": 249,
      "b": 249
    },
    "x": 14,
    "y": 37,
    "gx": 142,
    "gy": 37
  },
  "142,9": {
    "object": "environment-rocks-pebbles3",
    "tint": {
      "r": 227,
      "g": 227,
      "b": 227
    },
    "x": 14,
    "y": 9,
    "gx": 142,
    "gy": 9
  },
  "144,120": {
    "object": "environment-rocks-rock2",
    "tint": {
      "r": 228,
      "g": 228,
      "b": 228
    },
    "x": 16,
    "y": 120,
    "gx": 144,
    "gy": 120
  },
  "147,106": {
    "object": "environment-plants-bush3",
    "rotation": 270,
    "tint": {
      "r": 230,
      "g": 230,
      "b": 230
    },
    "x": 19,
    "y": 106,
    "gx": 147,
    "gy": 106
  },
  "147,69": {
    "object": "environment-plants-mushroom",
    "rotation": 270,
    "tint": {
      "r": 229,
      "g": 229,
      "b": 229
    },
    "x": 19,
    "y": 69,
    "gx": 147,
    "gy": 69
  },
  "149,70": {
    "object": "environment-plants-mushroom",
    "rotation": 180,
    "tint": {
      "r": 241,
      "g": 241,
      "b": 241
    },
    "x": 21,
    "y": 70,
    "gx": 149,
    "gy": 70
  },
  "150,117": {
    "object": "environment-plants-mushroom",
    "rotation": 90,
    "tint": {
      "r": 218,
      "g": 218,
      "b": 218
    },
    "x": 22,
    "y": 117,
    "gx": 150,
    "gy": 117
  },
  "150,122": {
    "object": "environment-rocks-pebbles",
    "rotation": 270,
    "tint": {
      "r": 229,
      "g": 229,
      "b": 229
    },
    "x": 22,
    "y": 122,
    "gx": 150,
    "gy": 122
  },
  "150,53": {
    "object": "environment-plants-flower",
    "rotation": 90,
    "tint": {
      "r": 222,
      "g": 222,
      "b": 222
    },
    "x": 22,
    "y": 53,
    "gx": 150,
    "gy": 53
  },
  "150,71": {
    "object": "environment-plants-mushroom",
    "rotation": 270,
    "tint": {
      "r": 230,
      "g": 230,
      "b": 230
    },
    "x": 22,
    "y": 71,
    "gx": 150,
    "gy": 71
  },
  "152,119": {
    "object": "environment-plants-mushroom",
    "rotation": 180,
    "tint": {
      "r": 246,
      "g": 246,
      "b": 246
    },
    "x": 24,
    "y": 119,
    "gx": 152,
    "gy": 119
  },
  "152,53": {
    "object": "environment-plants-bush1",
    "rotation": 90,
    "tint": {
      "r": 250,
      "g": 250,
      "b": 250
    },
    "x": 24,
    "y": 53,
    "gx": 152,
    "gy": 53
  },
  "152,69": {
    "object": "environment-plants-mushroom",
    "rotation": 180,
    "tint": {
      "r": 235,
      "g": 235,
      "b": 235
    },
    "x": 24,
    "y": 69,
    "gx": 152,
    "gy": 69
  },
  "155,117": {
    "object": "environment-plants-mushroom",
    "tint": {
      "r": 246,
      "g": 246,
      "b": 246
    },
    "x": 27,
    "y": 117,
    "gx": 155,
    "gy": 117
  },
  "155,122": {
    "object": "environment-plants-flower",
    "rotation": 90,
    "tint": {
      "r": 226,
      "g": 226,
      "b": 226
    },
    "x": 27,
    "y": 122,
    "gx": 155,
    "gy": 122
  },
  "155,124": {
    "object": "environment-plants-flower",
    "rotation": 90,
    "tint": {
      "r": 252,
      "g": 252,
      "b": 252
    },
    "x": 27,
    "y": 124,
    "gx": 155,
    "gy": 124
  },
  "155,51": {
    "object": "environment-plants-flower",
    "tint": {
      "r": 241,
      "g": 241,
      "b": 241
    },
    "x": 27,
    "y": 51,
    "gx": 155,
    "gy": 51
  },
  "157,45": {
    "object": "environment-rocks-pebbles3",
    "tint": {
      "r": 221,
      "g": 221,
      "b": 221
    },
    "x": 29,
    "y": 45,
    "gx": 157,
    "gy": 45
  },
  "159,124": {
    "object": "environment-plants-flower",
    "tint": {
      "r": 251,
      "g": 251,
      "b": 251
    },
    "x": 31,
    "y": 124,
    "gx": 159,
    "gy": 124
  },
  "159,85": {
    "object": "environment-plants-bush3",
    "rotation": 90,
    "tint": {
      "r": 224,
      "g": 224,
      "b": 224
    },
    "x": 31,
    "y": 85,
    "gx": 159,
    "gy": 85
  },
  "160,5": {
    "object": "environment-plants-flower",
    "rotation": 180,
    "tint": {
      "r": 243,
      "g": 243,
      "b": 243
    },
    "x": 32,
    "y": 5,
    "gx": 160,
    "gy": 5
  },
  "167,9": {
    "object": "environment-rocks-rock_spike",
    "tint": {
      "r": 251,
      "g": 251,
      "b": 251
    },
    "x": 39,
    "y": 9,
    "gx": 167,
    "gy": 9
  },
  "168,93": {
    "object": "environment-plants-violetflower",
    "rotation": 180,
    "tint": {
      "r": 217,
      "g": 217,
      "b": 217
    },
    "x": 40,
    "y": 93,
    "gx": 168,
    "gy": 93
  },
  "169,66": {
    "object": "environment-plants-flower",
    "rotation": 270,
    "tint": {
      "r": 220,
      "g": 220,
      "b": 220
    },
    "x": 41,
    "y": 66,
    "gx": 169,
    "gy": 66
  },
  "171,61": {
    "object": "environment-rocks-rock4",
    "rotation": 270,
    "tint": {
      "r": 254,
      "g": 254,
      "b": 254
    },
    "x": 43,
    "y": 61,
    "gx": 171,
    "gy": 61
  },
  "185,60": {
    "object": "environment-large-rock_wall",
    "x": 57,
    "y": 60,
    "gx": 185,
    "gy": 60
  },
  "185,63": {
    "object": "environment-large-rock_wall",
    "x": 57,
    "y": 63,
    "gx": 185,
    "gy": 63
  },
  "187,63": {
    "object": "environment-large-rock_wall",
    "x": 59,
    "y": 63,
    "gx": 187,
    "gy": 63
  },
  "189,60": {
    "object": "environment-large-rock_wall",
    "rotation": 180,
    "x": 61,
    "y": 60,
    "gx": 189,
    "gy": 60
  },
  "189,63": {
    "object": "environment-large-rock_wall",
    "rotation": 90,
    "x": 61,
    "y": 63,
    "gx": 189,
    "gy": 63
  },
  "202,55": {
    "object": "environment-rocks-rock_spike",
    "tint": {
      "r": 225,
      "g": 225,
      "b": 225
    },
    "x": 74,
    "y": 55,
    "gx": 202,
    "gy": 55
  },
  "206,87": {
    "object": "environment-rocks-rock_spike",
    "rotation": 270,
    "tint": {
      "r": 221,
      "g": 221,
      "b": 221
    },
    "x": 78,
    "y": 87,
    "gx": 206,
    "gy": 87
  },
  "209,105": {
    "object": "environment-plants-bush1",
    "rotation": 270,
    "tint": {
      "r": 239,
      "g": 239,
      "b": 239
    },
    "x": 81,
    "y": 105,
    "gx": 209,
    "gy": 105
  },
  "209,69": {
    "object": "environment-rocks-rock2",
    "rotation": 180,
    "tint": {
      "r": 233,
      "g": 233,
      "b": 233
    },
    "x": 81,
    "y": 69,
    "gx": 209,
    "gy": 69
  },
  "210,96": {
    "object": "environment-plants-bush2",
    "rotation": 270,
    "tint": {
      "r": 215,
      "g": 215,
      "b": 215
    },
    "x": 82,
    "y": 96,
    "gx": 210,
    "gy": 96
  },
  "211,66": {
    "object": "environment-plants-bush1",
    "rotation": 180,
    "tint": {
      "r": 245,
      "g": 245,
      "b": 245
    },
    "x": 83,
    "y": 66,
    "gx": 211,
    "gy": 66
  },
  "212,0": {
    "object": "environment-plants-redflower",
    "rotation": 180,
    "tint": {
      "r": 237,
      "g": 237,
      "b": 237
    },
    "x": 84,
    "y": 0,
    "gx": 212,
    "gy": 0
  },
  "214,0": {
    "object": "environment-plants-redflower",
    "rotation": 270,
    "tint": {
      "r": 248,
      "g": 248,
      "b": 248
    },
    "x": 86,
    "y": 0,
    "gx": 214,
    "gy": 0
  },
  "216,28": {
    "object": "environment-plants-bush1",
    "rotation": 270,
    "tint": {
      "r": 231,
      "g": 231,
      "b": 231
    },
    "x": 88,
    "y": 28,
    "gx": 216,
    "gy": 28
  },
  "217,119": {
    "object": "environment-plants-violetflower",
    "rotation": 180,
    "tint": {
      "r": 228,
      "g": 228,
      "b": 228
    },
    "x": 89,
    "y": 119,
    "gx": 217,
    "gy": 119
  },
  "218,103": {
    "object": "environment-plants-bush2",
    "rotation": 90,
    "tint": {
      "r": 228,
      "g": 228,
      "b": 228
    },
    "x": 90,
    "y": 103,
    "gx": 218,
    "gy": 103
  },
  "219,24": {
    "object": "environment-plants-violetflower",
    "tint": {
      "r": 217,
      "g": 217,
      "b": 217
    },
    "x": 91,
    "y": 24,
    "gx": 219,
    "gy": 24
  },
  "219,63": {
    "object": "environment-rocks-rock5",
    "tint": {
      "r": 215,
      "g": 215,
      "b": 215
    },
    "x": 91,
    "y": 63,
    "gx": 219,
    "gy": 63
  },
  "219,78": {
    "object": "environment-plants-violetflower",
    "rotation": 180,
    "tint": {
      "r": 240,
      "g": 240,
      "b": 240
    },
    "x": 91,
    "y": 78,
    "gx": 219,
    "gy": 78
  },
  "219,79": {
    "object": "environment-plants-violetflower",
    "rotation": 90,
    "tint": {
      "r": 233,
      "g": 233,
      "b": 233
    },
    "x": 91,
    "y": 79,
    "gx": 219,
    "gy": 79
  },
  "220,118": {
    "object": "environment-plants-violetflower",
    "rotation": 180,
    "tint": {
      "r": 245,
      "g": 245,
      "b": 245
    },
    "x": 92,
    "y": 118,
    "gx": 220,
    "gy": 118
  },
  "220,24": {
    "object": "environment-plants-violetflower",
    "tint": {
      "r": 218,
      "g": 218,
      "b": 218
    },
    "x": 92,
    "y": 24,
    "gx": 220,
    "gy": 24
  },
  "220,25": {
    "object": "environment-plants-violetflower",
    "rotation": 180,
    "tint": {
      "r": 242,
      "g": 242,
      "b": 242
    },
    "x": 92,
    "y": 25,
    "gx": 220,
    "gy": 25
  },
  "220,37": {
    "object": "environment-plants-flower",
    "rotation": 90,
    "tint": {
      "r": 222,
      "g": 222,
      "b": 222
    },
    "x": 92,
    "y": 37,
    "gx": 220,
    "gy": 37
  },
  "220,98": {
    "object": "environment-plants-bush1",
    "rotation": 90,
    "tint": {
      "r": 220,
      "g": 220,
      "b": 220
    },
    "x": 92,
    "y": 98,
    "gx": 220,
    "gy": 98
  },
  "222,118": {
    "object": "environment-plants-violetflower",
    "rotation": 270,
    "tint": {
      "r": 235,
      "g": 235,
      "b": 235
    },
    "x": 94,
    "y": 118,
    "gx": 222,
    "gy": 118
  },
  "222,14": {
    "object": "environment-plants-bush2",
    "rotation": 90,
    "tint": {
      "r": 219,
      "g": 219,
      "b": 219
    },
    "x": 94,
    "y": 14,
    "gx": 222,
    "gy": 14
  },
  "222,81": {
    "object": "environment-plants-bush2",
    "rotation": 270,
    "tint": {
      "r": 238,
      "g": 238,
      "b": 238
    },
    "x": 94,
    "y": 81,
    "gx": 222,
    "gy": 81
  },
  "223,25": {
    "object": "environment-plants-violetflower",
    "tint": {
      "r": 231,
      "g": 231,
      "b": 231
    },
    "x": 95,
    "y": 25,
    "gx": 223,
    "gy": 25
  },
  "223,37": {
    "object": "environment-plants-flower",
    "tint": {
      "r": 222,
      "g": 222,
      "b": 222
    },
    "x": 95,
    "y": 37,
    "gx": 223,
    "gy": 37
  },
  "224,105": {
    "object": "environment-plants-flower",
    "rotation": 180,
    "tint": {
      "r": 252,
      "g": 252,
      "b": 252
    },
    "x": 96,
    "y": 105,
    "gx": 224,
    "gy": 105
  },
  "224,113": {
    "object": "environment-plants-violetflower",
    "tint": {
      "r": 232,
      "g": 232,
      "b": 232
    },
    "x": 96,
    "y": 113,
    "gx": 224,
    "gy": 113
  },
  "224,49": {
    "object": "environment-rocks-rock2",
    "tint": {
      "r": 254,
      "g": 254,
      "b": 254
    },
    "x": 96,
    "y": 49,
    "gx": 224,
    "gy": 49
  },
  "226,113": {
    "object": "environment-plants-violetflower",
    "rotation": 270,
    "tint": {
      "r": 244,
      "g": 244,
      "b": 244
    },
    "x": 98,
    "y": 113,
    "gx": 226,
    "gy": 113
  },
  "226,71": {
    "object": "environment-rocks-pebbles2",
    "rotation": 90,
    "tint": {
      "r": 249,
      "g": 249,
      "b": 249
    },
    "x": 98,
    "y": 71,
    "gx": 226,
    "gy": 71
  },
  "226,80": {
    "object": "environment-plants-redflower",
    "rotation": 180,
    "tint": {
      "r": 240,
      "g": 240,
      "b": 240
    },
    "x": 98,
    "y": 80,
    "gx": 226,
    "gy": 80
  },
  "227,113": {
    "object": "environment-plants-violetflower",
    "rotation": 90,
    "tint": {
      "r": 222,
      "g": 222,
      "b": 222
    },
    "x": 99,
    "y": 113,
    "gx": 227,
    "gy": 113
  },
  "227,78": {
    "object": "environment-plants-redflower",
    "rotation": 270,
    "tint": {
      "r": 235,
      "g": 235,
      "b": 235
    },
    "x": 99,
    "y": 78,
    "gx": 227,
    "gy": 78
  },
  "228,2": {
    "object": "environment-rocks-rock5",
    "tint": {
      "r": 251,
      "g": 251,
      "b": 251
    },
    "x": 100,
    "y": 2,
    "gx": 228,
    "gy": 2
  },
  "231,120": {
    "object": "environment-plants-bush2",
    "rotation": 270,
    "tint": {
      "r": 254,
      "g": 254,
      "b": 254
    },
    "x": 103,
    "y": 120,
    "gx": 231,
    "gy": 120
  },
  "235,96": {
    "object": "environment-plants-flower",
    "tint": {
      "r": 244,
      "g": 244,
      "b": 244
    },
    "x": 107,
    "y": 96,
    "gx": 235,
    "gy": 96
  },
  "236,95": {
    "object": "environment-plants-flower",
    "rotation": 180,
    "tint": {
      "r": 235,
      "g": 235,
      "b": 235
    },
    "x": 108,
    "y": 95,
    "gx": 236,
    "gy": 95
  },
  "238,89": {
    "object": "environment-plants-bush2",
    "rotation": 90,
    "tint": {
      "r": 218,
      "g": 218,
      "b": 218
    },
    "x": 110,
    "y": 89,
    "gx": 238,
    "gy": 89
  },
  "240,120": {
    "object": "environment-plants-bush2",
    "tint": {
      "r": 254,
      "g": 254,
      "b": 254
    },
    "x": 112,
    "y": 120,
    "gx": 240,
    "gy": 120
  },
  "241,24": {
    "object": "environment-plants-bush3",
    "tint": {
      "r": 216,
      "g": 216,
      "b": 216
    },
    "x": 113,
    "y": 24,
    "gx": 241,
    "gy": 24
  },
  "249,121": {
    "object": "environment-rocks-rock5",
    "rotation": 270,
    "tint": {
      "r": 242,
      "g": 242,
      "b": 242
    },
    "x": 121,
    "y": 121,
    "gx": 249,
    "gy": 121
  },
  "249,124": {
    "object": "environment-plants-mushroom",
    "rotation": 180,
    "tint": {
      "r": 228,
      "g": 228,
      "b": 228
    },
    "x": 121,
    "y": 124,
    "gx": 249,
    "gy": 124
  },
  "250,117": {
    "object": "environment-rocks-rock3",
    "rotation": 270,
    "tint": {
      "r": 235,
      "g": 235,
      "b": 235
    },
    "x": 122,
    "y": 117,
    "gx": 250,
    "gy": 117
  },
  "251,90": {
    "object": "environment-rocks-stone_pillar",
    "rotation": 180,
    "tint": {
      "r": 216,
      "g": 216,
      "b": 216
    },
    "x": 123,
    "y": 90,
    "gx": 251,
    "gy": 90
  },
  "252,57": {
    "object": "environment-plants-bush3",
    "rotation": 270,
    "tint": {
      "r": 235,
      "g": 235,
      "b": 235
    },
    "x": 124,
    "y": 57,
    "gx": 252,
    "gy": 57
  },
  "254,124": {
    "object": "environment-plants-mushroom",
    "rotation": 270,
    "tint": {
      "r": 235,
      "g": 235,
      "b": 235
    },
    "x": 126,
    "y": 124,
    "gx": 254,
    "gy": 124
  },
  "145,23": {
    "object": "quest-family-broken_fence",
    "params": {
      "script": "quest-family-fence-1"
    },
    "rotation": 90,
    "tint": {
      "r": 178,
      "g": 178,
      "b": 178
    },
    "x": 17,
    "y": 23,
    "gx": 145,
    "gy": 23
  },
  "147,18": {
    "object": "quest-family-broken_fence",
    "params": {
      "script": "quest-family-fence-2"
    },
    "x": 19,
    "y": 18,
    "gx": 147,
    "gy": 18
  },
  "147,27": {
    "object": "quest-family-broken_fence",
    "params": {
      "script": "quest-family-fence-3"
    },
    "rotation": 180,
    "x": 19,
    "y": 27,
    "gx": 147,
    "gy": 27
  },
  "151,17": {
    "object": "quest-family-broken_fence",
    "params": {
      "script": "quest-family-fence-4"
    },
    "rotation": 180,
    "x": 23,
    "y": 17,
    "gx": 151,
    "gy": 17
  },
  "151,27": {
    "object": "quest-family-broken_fence",
    "params": {
      "script": "quest-family-fence-5"
    },
    "rotation": 180,
    "x": 23,
    "y": 27,
    "gx": 151,
    "gy": 27
  },
  "154,20": {
    "object": "quest-family-broken_fence",
    "params": {
      "script": "quest-family-fence-6"
    },
    "rotation": 90,
    "tint": {
      "r": 178,
      "g": 178,
      "b": 178
    },
    "x": 26,
    "y": 20,
    "gx": 154,
    "gy": 20
  },
  "159,22": {
    "object": "quest-family-flower",
    "rotation": 90,
    "x": 31,
    "y": 22,
    "gx": 159,
    "gy": 22
  },
  "159,23": {
    "object": "quest-family-flower",
    "rotation": 180,
    "x": 31,
    "y": 23,
    "gx": 159,
    "gy": 23
  },
  "159,25": {
    "object": "quest-family-flower",
    "rotation": 270,
    "x": 31,
    "y": 25,
    "gx": 159,
    "gy": 25
  },
  "159,26": {
    "object": "quest-family-flower",
    "x": 31,
    "y": 26,
    "gx": 159,
    "gy": 26
  },
  "160,22": {
    "object": "quest-family-flower",
    "rotation": 270,
    "x": 32,
    "y": 22,
    "gx": 160,
    "gy": 22
  },
  "160,23": {
    "object": "quest-family-flower",
    "x": 32,
    "y": 23,
    "gx": 160,
    "gy": 23
  },
  "160,25": {
    "object": "quest-family-flower",
    "rotation": 180,
    "x": 32,
    "y": 25,
    "gx": 160,
    "gy": 25
  },
  "160,26": {
    "object": "quest-family-flower",
    "rotation": 90,
    "x": 32,
    "y": 26,
    "gx": 160,
    "gy": 26
  },
  "161,22": {
    "object": "quest-family-flower",
    "x": 33,
    "y": 22,
    "gx": 161,
    "gy": 22
  },
  "161,23": {
    "object": "quest-family-flower",
    "rotation": 90,
    "x": 33,
    "y": 23,
    "gx": 161,
    "gy": 23
  },
  "161,25": {
    "object": "quest-family-flower",
    "x": 33,
    "y": 25,
    "gx": 161,
    "gy": 25
  },
  "161,26": {
    "object": "quest-family-flower",
    "rotation": 270,
    "x": 33,
    "y": 26,
    "gx": 161,
    "gy": 26
  },
  "165,36": {
    "object": "quest-cornpop-trapdoor",
    "x": 37,
    "y": 36,
    "gx": 165,
    "gy": 36
  },
  "146,21": {
    "object": "skill-botany-wheat",
    "rotation": 90,
    "x": 18,
    "y": 21,
    "gx": 146,
    "gy": 21
  },
  "146,25": {
    "object": "skill-botany-wheat",
    "rotation": 270,
    "x": 18,
    "y": 25,
    "gx": 146,
    "gy": 25
  },
  "147,23": {
    "object": "skill-botany-wheat",
    "x": 19,
    "y": 23,
    "gx": 147,
    "gy": 23
  },
  "148,20": {
    "object": "skill-botany-wheat",
    "rotation": 180,
    "x": 20,
    "y": 20,
    "gx": 148,
    "gy": 20
  },
  "148,25": {
    "object": "skill-botany-wheat",
    "rotation": 180,
    "x": 20,
    "y": 25,
    "gx": 148,
    "gy": 25
  },
  "149,19": {
    "object": "skill-botany-wheat",
    "rotation": 90,
    "x": 21,
    "y": 19,
    "gx": 149,
    "gy": 19
  },
  "149,23": {
    "object": "skill-botany-wheat",
    "rotation": 90,
    "x": 21,
    "y": 23,
    "gx": 149,
    "gy": 23
  },
  "149,26": {
    "object": "skill-botany-wheat",
    "rotation": 90,
    "x": 21,
    "y": 26,
    "gx": 149,
    "gy": 26
  },
  "150,21": {
    "object": "skill-botany-wheat",
    "x": 22,
    "y": 21,
    "gx": 150,
    "gy": 21
  },
  "152,19": {
    "object": "skill-botany-wheat",
    "rotation": 90,
    "x": 24,
    "y": 19,
    "gx": 152,
    "gy": 19
  },
  "152,21": {
    "object": "skill-botany-wheat",
    "x": 24,
    "y": 21,
    "gx": 152,
    "gy": 21
  },
  "152,24": {
    "object": "skill-botany-wheat",
    "rotation": 90,
    "x": 24,
    "y": 24,
    "gx": 152,
    "gy": 24
  },
  "152,27": {
    "object": "skill-botany-wheat",
    "rotation": 90,
    "x": 24,
    "y": 27,
    "gx": 152,
    "gy": 27
  },
  "153,23": {
    "object": "skill-botany-wheat_small",
    "x": 25,
    "y": 23,
    "gx": 153,
    "gy": 23
  },
  "160,36": {
    "object": "skill-cooking-range",
    "x": 32,
    "y": 36,
    "gx": 160,
    "gy": 36,
    "rotation": 90
  },
  "162,10": {
    "object": "skill-cooking-range",
    "x": 34,
    "y": 10,
    "gx": 162,
    "gy": 10
  },
  "152,32": {
    "object": "town-general-bookpile2",
    "rotation": 90,
    "x": 24,
    "y": 32,
    "gx": 152,
    "gy": 32
  },
  "152,34": {
    "object": "town-general-bookshelf_hanging3",
    "rotation": 90,
    "x": 24,
    "y": 34,
    "gx": 152,
    "gy": 34
  },
  "153,35": {
    "object": "town-general-bookpile3",
    "rotation": 90,
    "x": 25,
    "y": 35,
    "gx": 153,
    "gy": 35
  },
  "154,23": {
    "object": "town-furniture-fireplace",
    "rotation": 90,
    "x": 26,
    "y": 23,
    "gx": 154,
    "gy": 23
  },
  "154,26": {
    "object": "town-furniture-bed",
    "rotation": 90,
    "x": 26,
    "y": 26,
    "gx": 154,
    "gy": 26
  },
  "155,35": {
    "object": "town-general-bookshelf_hanging",
    "rotation": 180,
    "x": 27,
    "y": 35,
    "gx": 155,
    "gy": 35
  },
  "156,33": {
    "object": "town-general-bookshelf1",
    "rotation": 270,
    "x": 28,
    "y": 33,
    "gx": 156,
    "gy": 33
  },
  "156,34": {
    "object": "town-general-bookshelf1",
    "rotation": 270,
    "x": 28,
    "y": 34,
    "gx": 156,
    "gy": 34
  },
  "157,22": {
    "object": "town-furniture-table_1x1",
    "rotation": 270,
    "x": 29,
    "y": 22,
    "gx": 157,
    "gy": 22
  },
  "160,12": {
    "object": "town-furniture-table_1x1",
    "x": 32,
    "y": 12,
    "gx": 160,
    "gy": 12
  },
  "163,35": {
    "object": "town-furniture-chair4",
    "x": 35,
    "y": 35,
    "gx": 163,
    "gy": 35,
    "rotation": 90
  },
  "164,33": {
    "object": "town-furniture-chair4",
    "x": 36,
    "y": 33,
    "gx": 164,
    "gy": 33
  },
  "164,34": {
    "object": "town-furniture-kitchentable2",
    "x": 36,
    "y": 34,
    "gx": 164,
    "gy": 34,
    "rotation": 270
  },
  "128,52": {
    "rotation": 0,
    "tint": {
      "r": 227,
      "g": 216,
      "b": 233
    },
    "object": "skill-tree-regular8",
    "gx": 128,
    "gy": 52,
    "x": 0,
    "y": 52
  },
  "129,33": {
    "rotation": 90,
    "tint": {
      "r": 213,
      "g": 222,
      "b": 216
    },
    "object": "skill-tree-regular9",
    "gx": 129,
    "gy": 33,
    "x": 1,
    "y": 33
  },
  "129,88": {
    "rotation": 0,
    "tint": {
      "r": 236,
      "g": 220,
      "b": 214
    },
    "object": "skill-tree-regular1",
    "gx": 129,
    "gy": 88,
    "x": 1,
    "y": 88
  },
  "130,7": {
    "rotation": 0,
    "tint": {
      "r": 245,
      "g": 254,
      "b": 236
    },
    "object": "skill-tree-regular2",
    "gx": 130,
    "gy": 7,
    "x": 2,
    "y": 7
  },
  "130,15": {
    "rotation": 0,
    "tint": {
      "r": 230,
      "g": 222,
      "b": 253
    },
    "object": "skill-tree-regular8",
    "gx": 130,
    "gy": 15,
    "x": 2,
    "y": 15
  },
  "130,40": {
    "rotation": 0,
    "tint": {
      "r": 252,
      "g": 230,
      "b": 219
    },
    "object": "skill-tree-regular5",
    "gx": 130,
    "gy": 40,
    "x": 2,
    "y": 40
  },
  "130,115": {
    "rotation": 180,
    "tint": {
      "r": 223,
      "g": 246,
      "b": 217
    },
    "object": "skill-tree-regular5",
    "gx": 130,
    "gy": 115,
    "x": 2,
    "y": 115
  },
  "130,121": {
    "rotation": 270,
    "tint": {
      "r": 215,
      "g": 223,
      "b": 218
    },
    "object": "skill-tree-regular7",
    "gx": 130,
    "gy": 121,
    "x": 2,
    "y": 121
  },
  "131,40": {
    "rotation": 90,
    "tint": {
      "r": 224,
      "g": 253,
      "b": 246
    },
    "object": "skill-tree-regular1",
    "gx": 131,
    "gy": 40,
    "x": 3,
    "y": 40
  },
  "131,46": {
    "rotation": 0,
    "tint": {
      "r": 218,
      "g": 229,
      "b": 235
    },
    "object": "skill-tree-regular10",
    "gx": 131,
    "gy": 46,
    "x": 3,
    "y": 46
  },
  "131,58": {
    "rotation": 0,
    "tint": {
      "r": 242,
      "g": 211,
      "b": 237
    },
    "object": "skill-tree-regular6",
    "gx": 131,
    "gy": 58,
    "x": 3,
    "y": 58
  },
  "133,15": {
    "rotation": 180,
    "tint": {
      "r": 226,
      "g": 220,
      "b": 250
    },
    "object": "skill-tree-regular5",
    "gx": 133,
    "gy": 15,
    "x": 5,
    "y": 15
  },
  "134,40": {
    "rotation": 90,
    "tint": {
      "r": 219,
      "g": 213,
      "b": 220
    },
    "object": "skill-tree-regular5",
    "gx": 134,
    "gy": 40,
    "x": 6,
    "y": 40
  },
  "136,27": {
    "rotation": 270,
    "tint": {
      "r": 221,
      "g": 212,
      "b": 236
    },
    "object": "skill-tree-regular7",
    "gx": 136,
    "gy": 27,
    "x": 8,
    "y": 27
  },
  "136,112": {
    "rotation": 0,
    "object": "skill-tree-regular7",
    "gx": 136,
    "gy": 112,
    "x": 8,
    "y": 112
  },
  "137,18": {
    "rotation": 180,
    "tint": {
      "r": 232,
      "g": 243,
      "b": 248
    },
    "object": "skill-tree-regular10",
    "gx": 137,
    "gy": 18,
    "x": 9,
    "y": 18
  },
  "137,51": {
    "rotation": 90,
    "tint": {
      "r": 230,
      "g": 219,
      "b": 215
    },
    "object": "skill-tree-regular2",
    "gx": 137,
    "gy": 51,
    "x": 9,
    "y": 51
  },
  "137,61": {
    "rotation": 270,
    "tint": {
      "r": 252,
      "g": 246,
      "b": 232
    },
    "object": "skill-tree-regular10",
    "gx": 137,
    "gy": 61,
    "x": 9,
    "y": 61
  },
  "137,92": {
    "rotation": 90,
    "tint": {
      "r": 227,
      "g": 243,
      "b": 229
    },
    "object": "skill-tree-regular3",
    "gx": 137,
    "gy": 92,
    "x": 9,
    "y": 92
  },
  "138,7": {
    "rotation": 270,
    "tint": {
      "r": 245,
      "g": 228,
      "b": 216
    },
    "object": "skill-tree-regular7",
    "gx": 138,
    "gy": 7,
    "x": 10,
    "y": 7
  },
  "138,39": {
    "rotation": 270,
    "tint": {
      "r": 248,
      "g": 218,
      "b": 224
    },
    "object": "skill-tree-regular10",
    "gx": 138,
    "gy": 39,
    "x": 10,
    "y": 39
  },
  "138,119": {
    "rotation": 90,
    "tint": {
      "r": 250,
      "g": 211,
      "b": 223
    },
    "object": "skill-tree-regular6",
    "gx": 138,
    "gy": 119,
    "x": 10,
    "y": 119
  },
  "139,7": {
    "rotation": 90,
    "tint": {
      "r": 221,
      "g": 223,
      "b": 230
    },
    "object": "skill-tree-regular8",
    "gx": 139,
    "gy": 7,
    "x": 11,
    "y": 7
  },
  "140,91": {
    "rotation": 90,
    "tint": {
      "r": 245,
      "g": 216,
      "b": 250
    },
    "object": "skill-tree-regular5",
    "gx": 140,
    "gy": 91,
    "x": 12,
    "y": 91
  },
  "140,114": {
    "rotation": 0,
    "tint": {
      "r": 231,
      "g": 214,
      "b": 246
    },
    "object": "skill-tree-regular6",
    "gx": 140,
    "gy": 114,
    "x": 12,
    "y": 114
  },
  "140,122": {
    "rotation": 270,
    "tint": {
      "r": 225,
      "g": 215,
      "b": 216
    },
    "object": "skill-tree-regular2",
    "gx": 140,
    "gy": 122,
    "x": 12,
    "y": 122
  },
  "141,90": {
    "rotation": 90,
    "tint": {
      "r": 214,
      "g": 214,
      "b": 223
    },
    "object": "skill-tree-regular3",
    "gx": 141,
    "gy": 90,
    "x": 13,
    "y": 90
  },
  "142,34": {
    "rotation": 270,
    "tint": {
      "r": 222,
      "g": 223,
      "b": 229
    },
    "object": "skill-tree-regular8",
    "gx": 142,
    "gy": 34,
    "x": 14,
    "y": 34
  },
  "142,35": {
    "rotation": 180,
    "tint": {
      "r": 240,
      "g": 239,
      "b": 219
    },
    "object": "skill-tree-regular1",
    "gx": 142,
    "gy": 35,
    "x": 14,
    "y": 35
  },
  "142,88": {
    "rotation": 0,
    "tint": {
      "r": 238,
      "g": 233,
      "b": 210
    },
    "object": "skill-tree-regular2",
    "gx": 142,
    "gy": 88,
    "x": 14,
    "y": 88
  },
  "142,100": {
    "rotation": 90,
    "tint": {
      "r": 212,
      "g": 217,
      "b": 247
    },
    "object": "skill-tree-regular10",
    "gx": 142,
    "gy": 100,
    "x": 14,
    "y": 100
  },
  "142,120": {
    "rotation": 180,
    "tint": {
      "r": 223,
      "g": 224,
      "b": 248
    },
    "object": "skill-tree-regular4",
    "gx": 142,
    "gy": 120,
    "x": 14,
    "y": 120
  },
  "143,33": {
    "rotation": 180,
    "tint": {
      "r": 210,
      "g": 253,
      "b": 217
    },
    "object": "skill-tree-regular8",
    "gx": 143,
    "gy": 33,
    "x": 15,
    "y": 33
  },
  "143,36": {
    "rotation": 90,
    "tint": {
      "r": 245,
      "g": 251,
      "b": 224
    },
    "object": "skill-tree-regular5",
    "gx": 143,
    "gy": 36,
    "x": 15,
    "y": 36
  },
  "144,9": {
    "rotation": 180,
    "tint": {
      "r": 228,
      "g": 252,
      "b": 236
    },
    "object": "skill-tree-regular3",
    "gx": 144,
    "gy": 9,
    "x": 16,
    "y": 9
  },
  "144,21": {
    "rotation": 180,
    "tint": {
      "r": 219,
      "g": 214,
      "b": 242
    },
    "object": "skill-tree-regular6",
    "gx": 144,
    "gy": 21,
    "x": 16,
    "y": 21
  },
  "145,120": {
    "rotation": 0,
    "tint": {
      "r": 251,
      "g": 236,
      "b": 210
    },
    "object": "skill-tree-regular2",
    "gx": 145,
    "gy": 120,
    "x": 17,
    "y": 120
  },
  "146,78": {
    "rotation": 180,
    "tint": {
      "r": 225,
      "g": 248,
      "b": 223
    },
    "object": "skill-tree-regular4",
    "gx": 146,
    "gy": 78,
    "x": 18,
    "y": 78
  },
  "146,95": {
    "rotation": 180,
    "tint": {
      "r": 212,
      "g": 254,
      "b": 235
    },
    "object": "skill-tree-regular3",
    "gx": 146,
    "gy": 95,
    "x": 18,
    "y": 95
  },
  "147,10": {
    "rotation": 0,
    "tint": {
      "r": 247,
      "g": 232,
      "b": 216
    },
    "object": "skill-tree-regular1",
    "gx": 147,
    "gy": 10,
    "x": 19,
    "y": 10
  },
  "148,2": {
    "rotation": 180,
    "tint": {
      "r": 244,
      "g": 244,
      "b": 244
    },
    "object": "skill-tree-regular9",
    "gx": 148,
    "gy": 2,
    "x": 20,
    "y": 2
  },
  "151,50": {
    "rotation": 0,
    "tint": {
      "r": 250,
      "g": 253,
      "b": 220
    },
    "object": "skill-tree-regular7",
    "gx": 151,
    "gy": 50,
    "x": 23,
    "y": 50
  },
  "151,67": {
    "rotation": 90,
    "tint": {
      "r": 236,
      "g": 247,
      "b": 247
    },
    "object": "skill-tree-regular4",
    "gx": 151,
    "gy": 67,
    "x": 23,
    "y": 67
  },
  "152,39": {
    "rotation": 90,
    "tint": {
      "r": 239,
      "g": 211,
      "b": 236
    },
    "object": "skill-tree-regular2",
    "gx": 152,
    "gy": 39,
    "x": 24,
    "y": 39
  },
  "152,47": {
    "rotation": 180,
    "tint": {
      "r": 215,
      "g": 215,
      "b": 244
    },
    "object": "skill-tree-regular2",
    "gx": 152,
    "gy": 47,
    "x": 24,
    "y": 47
  },
  "152,93": {
    "rotation": 270,
    "tint": {
      "r": 222,
      "g": 245,
      "b": 245
    },
    "object": "skill-tree-regular10",
    "gx": 152,
    "gy": 93,
    "x": 24,
    "y": 93
  },
  "153,101": {
    "rotation": 180,
    "tint": {
      "r": 219,
      "g": 243,
      "b": 243
    },
    "object": "skill-tree-regular3",
    "gx": 153,
    "gy": 101,
    "x": 25,
    "y": 101
  },
  "153,104": {
    "rotation": 90,
    "tint": {
      "r": 231,
      "g": 218,
      "b": 225
    },
    "object": "skill-tree-regular8",
    "gx": 153,
    "gy": 104,
    "x": 25,
    "y": 104
  },
  "154,13": {
    "rotation": 270,
    "tint": {
      "r": 229,
      "g": 222,
      "b": 210
    },
    "object": "skill-tree-regular6",
    "gx": 154,
    "gy": 13,
    "x": 26,
    "y": 13
  },
  "154,72": {
    "rotation": 90,
    "tint": {
      "r": 229,
      "g": 223,
      "b": 245
    },
    "object": "skill-tree-regular2",
    "gx": 154,
    "gy": 72,
    "x": 26,
    "y": 72
  },
  "155,0": {
    "rotation": 180,
    "tint": {
      "r": 243,
      "g": 238,
      "b": 223
    },
    "object": "skill-tree-regular10",
    "gx": 155,
    "gy": 0,
    "x": 27,
    "y": 0
  },
  "155,9": {
    "rotation": 270,
    "tint": {
      "r": 251,
      "g": 225,
      "b": 227
    },
    "object": "skill-tree-regular9",
    "gx": 155,
    "gy": 9,
    "x": 27,
    "y": 9
  },
  "155,50": {
    "rotation": 90,
    "tint": {
      "r": 241,
      "g": 254,
      "b": 212
    },
    "object": "skill-tree-regular1",
    "gx": 155,
    "gy": 50,
    "x": 27,
    "y": 50
  },
  "155,79": {
    "rotation": 180,
    "tint": {
      "r": 218,
      "g": 214,
      "b": 226
    },
    "object": "skill-tree-regular4",
    "gx": 155,
    "gy": 79,
    "x": 27,
    "y": 79
  },
  "155,84": {
    "rotation": 180,
    "tint": {
      "r": 234,
      "g": 244,
      "b": 217
    },
    "object": "skill-tree-regular2",
    "gx": 155,
    "gy": 84,
    "x": 27,
    "y": 84
  },
  "155,93": {
    "rotation": 0,
    "tint": {
      "r": 250,
      "g": 251,
      "b": 219
    },
    "object": "skill-tree-regular5",
    "gx": 155,
    "gy": 93,
    "x": 27,
    "y": 93
  },
  "156,82": {
    "rotation": 270,
    "tint": {
      "r": 249,
      "g": 239,
      "b": 223
    },
    "object": "skill-tree-regular1",
    "gx": 156,
    "gy": 82,
    "x": 28,
    "y": 82
  },
  "156,102": {
    "rotation": 270,
    "tint": {
      "r": 232,
      "g": 226,
      "b": 229
    },
    "object": "skill-tree-regular5",
    "gx": 156,
    "gy": 102,
    "x": 28,
    "y": 102
  },
  "157,98": {
    "rotation": 180,
    "tint": {
      "r": 234,
      "g": 249,
      "b": 223
    },
    "object": "skill-tree-regular7",
    "gx": 157,
    "gy": 98,
    "x": 29,
    "y": 98
  },
  "161,45": {
    "rotation": 90,
    "tint": {
      "r": 224,
      "g": 213,
      "b": 226
    },
    "object": "skill-tree-regular7",
    "gx": 161,
    "gy": 45,
    "x": 33,
    "y": 45
  },
  "161,52": {
    "rotation": 270,
    "tint": {
      "r": 232,
      "g": 210,
      "b": 243
    },
    "object": "skill-tree-regular3",
    "gx": 161,
    "gy": 52,
    "x": 33,
    "y": 52
  },
  "163,4": {
    "rotation": 0,
    "tint": {
      "r": 244,
      "g": 219,
      "b": 216
    },
    "object": "skill-tree-regular3",
    "gx": 163,
    "gy": 4,
    "x": 35,
    "y": 4
  },
  "163,5": {
    "rotation": 0,
    "tint": {
      "r": 245,
      "g": 248,
      "b": 247
    },
    "object": "skill-tree-regular2",
    "gx": 163,
    "gy": 5,
    "x": 35,
    "y": 5
  },
  "163,53": {
    "rotation": 0,
    "tint": {
      "r": 241,
      "g": 232,
      "b": 213
    },
    "object": "skill-tree-regular2",
    "gx": 163,
    "gy": 53,
    "x": 35,
    "y": 53
  },
  "164,39": {
    "rotation": 180,
    "tint": {
      "r": 247,
      "g": 244,
      "b": 211
    },
    "object": "skill-tree-regular3",
    "gx": 164,
    "gy": 39,
    "x": 36,
    "y": 39
  },
  "165,6": {
    "rotation": 0,
    "tint": {
      "r": 222,
      "g": 226,
      "b": 234
    },
    "object": "skill-tree-regular6",
    "gx": 165,
    "gy": 6,
    "x": 37,
    "y": 6
  },
  "165,8": {
    "rotation": 0,
    "tint": {
      "r": 248,
      "g": 243,
      "b": 238
    },
    "object": "skill-tree-regular1",
    "gx": 165,
    "gy": 8,
    "x": 37,
    "y": 8
  },
  "165,108": {
    "rotation": 0,
    "tint": {
      "r": 236,
      "g": 232,
      "b": 236
    },
    "object": "skill-tree-regular9",
    "gx": 165,
    "gy": 108,
    "x": 37,
    "y": 108
  },
  "166,4": {
    "rotation": 0,
    "tint": {
      "r": 222,
      "g": 234,
      "b": 232
    },
    "object": "skill-tree-regular1",
    "gx": 166,
    "gy": 4,
    "x": 38,
    "y": 4
  },
  "166,38": {
    "rotation": 180,
    "tint": {
      "r": 241,
      "g": 238,
      "b": 237
    },
    "object": "skill-tree-regular9",
    "gx": 166,
    "gy": 38,
    "x": 38,
    "y": 38
  },
  "166,39": {
    "rotation": 90,
    "tint": {
      "r": 219,
      "g": 221,
      "b": 252
    },
    "object": "skill-tree-regular7",
    "gx": 166,
    "gy": 39,
    "x": 38,
    "y": 39
  },
  "167,62": {
    "rotation": 90,
    "tint": {
      "r": 232,
      "g": 234,
      "b": 247
    },
    "object": "skill-tree-regular6",
    "gx": 167,
    "gy": 62,
    "x": 39,
    "y": 62
  },
  "168,102": {
    "rotation": 180,
    "tint": {
      "r": 242,
      "g": 225,
      "b": 227
    },
    "object": "skill-tree-regular5",
    "gx": 168,
    "gy": 102,
    "x": 40,
    "y": 102
  },
  "169,3": {
    "rotation": 270,
    "tint": {
      "r": 244,
      "g": 211,
      "b": 220
    },
    "object": "skill-tree-regular6",
    "gx": 169,
    "gy": 3,
    "x": 41,
    "y": 3
  },
  "169,35": {
    "rotation": 90,
    "tint": {
      "r": 226,
      "g": 221,
      "b": 213
    },
    "object": "skill-tree-regular9",
    "gx": 169,
    "gy": 35,
    "x": 41,
    "y": 35
  },
  "169,50": {
    "rotation": 270,
    "tint": {
      "r": 250,
      "g": 219,
      "b": 234
    },
    "object": "skill-tree-regular6",
    "gx": 169,
    "gy": 50,
    "x": 41,
    "y": 50
  },
  "169,55": {
    "rotation": 270,
    "tint": {
      "r": 245,
      "g": 236,
      "b": 229
    },
    "object": "skill-tree-regular5",
    "gx": 169,
    "gy": 55,
    "x": 41,
    "y": 55
  },
  "170,33": {
    "rotation": 0,
    "tint": {
      "r": 246,
      "g": 226,
      "b": 211
    },
    "object": "skill-tree-regular2",
    "gx": 170,
    "gy": 33,
    "x": 42,
    "y": 33
  },
  "170,39": {
    "rotation": 0,
    "tint": {
      "r": 210,
      "g": 237,
      "b": 238
    },
    "object": "skill-tree-regular5",
    "gx": 170,
    "gy": 39,
    "x": 42,
    "y": 39
  },
  "170,88": {
    "rotation": 270,
    "tint": {
      "r": 220,
      "g": 233,
      "b": 214
    },
    "object": "skill-tree-regular9",
    "gx": 170,
    "gy": 88,
    "x": 42,
    "y": 88
  },
  "171,62": {
    "rotation": 0,
    "tint": {
      "r": 226,
      "g": 254,
      "b": 254
    },
    "object": "skill-tree-regular9",
    "gx": 171,
    "gy": 62,
    "x": 43,
    "y": 62
  },
  "171,100": {
    "rotation": 180,
    "tint": {
      "r": 220,
      "g": 246,
      "b": 246
    },
    "object": "skill-tree-regular7",
    "gx": 171,
    "gy": 100,
    "x": 43,
    "y": 100
  },
  "172,66": {
    "rotation": 90,
    "tint": {
      "r": 215,
      "g": 221,
      "b": 216
    },
    "object": "skill-tree-regular5",
    "gx": 172,
    "gy": 66,
    "x": 44,
    "y": 66
  },
  "173,55": {
    "rotation": 270,
    "tint": {
      "r": 251,
      "g": 238,
      "b": 235
    },
    "object": "skill-tree-regular2",
    "gx": 173,
    "gy": 55,
    "x": 45,
    "y": 55
  },
  "173,65": {
    "rotation": 270,
    "tint": {
      "r": 224,
      "g": 246,
      "b": 224
    },
    "object": "skill-tree-regular7",
    "gx": 173,
    "gy": 65,
    "x": 45,
    "y": 65
  },
  "174,96": {
    "rotation": 0,
    "tint": {
      "r": 241,
      "g": 214,
      "b": 241
    },
    "object": "skill-tree-regular6",
    "gx": 174,
    "gy": 96,
    "x": 46,
    "y": 96
  },
  "175,0": {
    "rotation": 180,
    "tint": {
      "r": 235,
      "g": 216,
      "b": 220
    },
    "object": "skill-tree-regular3",
    "gx": 175,
    "gy": 0,
    "x": 47,
    "y": 0
  },
  "175,6": {
    "rotation": 90,
    "tint": {
      "r": 230,
      "g": 222,
      "b": 235
    },
    "object": "skill-tree-regular3",
    "gx": 175,
    "gy": 6,
    "x": 47,
    "y": 6
  },
  "176,7": {
    "rotation": 270,
    "tint": {
      "r": 239,
      "g": 224,
      "b": 221
    },
    "object": "skill-tree-regular10",
    "gx": 176,
    "gy": 7,
    "x": 48,
    "y": 7
  },
  "176,60": {
    "rotation": 90,
    "tint": {
      "r": 227,
      "g": 229,
      "b": 224
    },
    "object": "skill-tree-regular2",
    "gx": 176,
    "gy": 60,
    "x": 48,
    "y": 60
  },
  "176,77": {
    "rotation": 180,
    "tint": {
      "r": 250,
      "g": 253,
      "b": 250
    },
    "object": "skill-tree-regular3",
    "gx": 176,
    "gy": 77,
    "x": 48,
    "y": 77
  },
  "177,4": {
    "rotation": 270,
    "tint": {
      "r": 227,
      "g": 225,
      "b": 215
    },
    "object": "skill-tree-regular5",
    "gx": 177,
    "gy": 4,
    "x": 49,
    "y": 4
  },
  "178,7": {
    "rotation": 270,
    "tint": {
      "r": 220,
      "g": 210,
      "b": 234
    },
    "object": "skill-tree-regular8",
    "gx": 178,
    "gy": 7,
    "x": 50,
    "y": 7
  },
  "199,125": {
    "rotation": 270,
    "tint": {
      "r": 240,
      "g": 252,
      "b": 245
    },
    "object": "skill-tree-regular1",
    "gx": 199,
    "gy": 125,
    "x": 71,
    "y": 125
  },
  "199,126": {
    "rotation": 0,
    "tint": {
      "r": 252,
      "g": 228,
      "b": 248
    },
    "object": "skill-tree-regular4",
    "gx": 199,
    "gy": 126,
    "x": 71,
    "y": 126
  },
  "201,119": {
    "rotation": 90,
    "tint": {
      "r": 216,
      "g": 221,
      "b": 253
    },
    "object": "skill-tree-regular7",
    "gx": 201,
    "gy": 119,
    "x": 73,
    "y": 119
  },
  "202,121": {
    "rotation": 90,
    "tint": {
      "r": 248,
      "g": 250,
      "b": 247
    },
    "object": "skill-tree-regular10",
    "gx": 202,
    "gy": 121,
    "x": 74,
    "y": 121
  },
  "207,110": {
    "rotation": 270,
    "tint": {
      "r": 218,
      "g": 227,
      "b": 234
    },
    "object": "skill-tree-regular2",
    "gx": 207,
    "gy": 110,
    "x": 79,
    "y": 110
  },
  "207,112": {
    "rotation": 0,
    "tint": {
      "r": 235,
      "g": 251,
      "b": 231
    },
    "object": "skill-tree-regular6",
    "gx": 207,
    "gy": 112,
    "x": 79,
    "y": 112
  },
  "212,103": {
    "rotation": 90,
    "tint": {
      "r": 226,
      "g": 248,
      "b": 219
    },
    "object": "skill-tree-regular8",
    "gx": 212,
    "gy": 103,
    "x": 84,
    "y": 103
  },
  "212,106": {
    "rotation": 270,
    "tint": {
      "r": 241,
      "g": 228,
      "b": 224
    },
    "object": "skill-tree-regular6",
    "gx": 212,
    "gy": 106,
    "x": 84,
    "y": 106
  },
  "214,109": {
    "rotation": 90,
    "tint": {
      "r": 221,
      "g": 230,
      "b": 222
    },
    "object": "skill-tree-regular5",
    "gx": 214,
    "gy": 109,
    "x": 86,
    "y": 109
  },
  "215,127": {
    "rotation": 90,
    "tint": {
      "r": 239,
      "g": 253,
      "b": 233
    },
    "object": "skill-tree-regular4",
    "gx": 215,
    "gy": 127,
    "x": 87,
    "y": 127
  },
  "216,118": {
    "rotation": 0,
    "tint": {
      "r": 246,
      "g": 214,
      "b": 210
    },
    "object": "skill-tree-regular4",
    "gx": 216,
    "gy": 118,
    "x": 88,
    "y": 118
  },
  "218,126": {
    "rotation": 90,
    "tint": {
      "r": 234,
      "g": 243,
      "b": 232
    },
    "object": "skill-tree-regular6",
    "gx": 218,
    "gy": 126,
    "x": 90,
    "y": 126
  },
  "220,74": {
    "rotation": 180,
    "tint": {
      "r": 249,
      "g": 251,
      "b": 213
    },
    "object": "skill-tree-regular6",
    "gx": 220,
    "gy": 74,
    "x": 92,
    "y": 74
  },
  "221,77": {
    "rotation": 90,
    "tint": {
      "r": 245,
      "g": 251,
      "b": 227
    },
    "object": "skill-tree-regular9",
    "gx": 221,
    "gy": 77,
    "x": 93,
    "y": 77
  },
  "221,115": {
    "rotation": 90,
    "tint": {
      "r": 213,
      "g": 210,
      "b": 246
    },
    "object": "skill-tree-regular4",
    "gx": 221,
    "gy": 115,
    "x": 93,
    "y": 115
  },
  "221,124": {
    "rotation": 180,
    "tint": {
      "r": 231,
      "g": 252,
      "b": 234
    },
    "object": "skill-tree-regular4",
    "gx": 221,
    "gy": 124,
    "x": 93,
    "y": 124
  },
  "221,125": {
    "rotation": 270,
    "tint": {
      "r": 252,
      "g": 238,
      "b": 244
    },
    "object": "skill-tree-regular8",
    "gx": 221,
    "gy": 125,
    "x": 93,
    "y": 125
  },
  "222,112": {
    "rotation": 0,
    "tint": {
      "r": 243,
      "g": 220,
      "b": 254
    },
    "object": "skill-tree-regular5",
    "gx": 222,
    "gy": 112,
    "x": 94,
    "y": 112
  },
  "222,115": {
    "rotation": 90,
    "tint": {
      "r": 249,
      "g": 223,
      "b": 229
    },
    "object": "skill-tree-regular9",
    "gx": 222,
    "gy": 115,
    "x": 94,
    "y": 115
  },
  "223,114": {
    "rotation": 90,
    "tint": {
      "r": 223,
      "g": 224,
      "b": 235
    },
    "object": "skill-tree-regular2",
    "gx": 223,
    "gy": 114,
    "x": 95,
    "y": 114
  },
  "223,118": {
    "rotation": 90,
    "tint": {
      "r": 238,
      "g": 230,
      "b": 234
    },
    "object": "skill-tree-regular4",
    "gx": 223,
    "gy": 118,
    "x": 95,
    "y": 118
  },
  "223,126": {
    "rotation": 270,
    "tint": {
      "r": 217,
      "g": 226,
      "b": 236
    },
    "object": "skill-tree-regular7",
    "gx": 223,
    "gy": 126,
    "x": 95,
    "y": 126
  },
  "224,36": {
    "rotation": 180,
    "tint": {
      "r": 242,
      "g": 228,
      "b": 254
    },
    "object": "skill-tree-regular9",
    "gx": 224,
    "gy": 36,
    "x": 96,
    "y": 36
  },
  "224,102": {
    "rotation": 270,
    "tint": {
      "r": 210,
      "g": 244,
      "b": 238
    },
    "object": "skill-tree-regular6",
    "gx": 224,
    "gy": 102,
    "x": 96,
    "y": 102
  },
  "224,107": {
    "rotation": 180,
    "tint": {
      "r": 225,
      "g": 211,
      "b": 216
    },
    "object": "skill-tree-regular2",
    "gx": 224,
    "gy": 107,
    "x": 96,
    "y": 107
  },
  "224,120": {
    "rotation": 270,
    "tint": {
      "r": 240,
      "g": 210,
      "b": 254
    },
    "object": "skill-tree-regular6",
    "gx": 224,
    "gy": 120,
    "x": 96,
    "y": 120
  },
  "225,70": {
    "rotation": 180,
    "tint": {
      "r": 241,
      "g": 237,
      "b": 213
    },
    "object": "skill-tree-regular2",
    "gx": 225,
    "gy": 70,
    "x": 97,
    "y": 70
  },
  "225,119": {
    "rotation": 0,
    "tint": {
      "r": 244,
      "g": 227,
      "b": 235
    },
    "object": "skill-tree-regular9",
    "gx": 225,
    "gy": 119,
    "x": 97,
    "y": 119
  },
  "226,37": {
    "rotation": 180,
    "tint": {
      "r": 218,
      "g": 227,
      "b": 221
    },
    "object": "skill-tree-regular8",
    "gx": 226,
    "gy": 37,
    "x": 98,
    "y": 37
  },
  "226,67": {
    "rotation": 0,
    "tint": {
      "r": 217,
      "g": 231,
      "b": 220
    },
    "object": "skill-tree-regular3",
    "gx": 226,
    "gy": 67,
    "x": 98,
    "y": 67
  },
  "226,78": {
    "rotation": 90,
    "tint": {
      "r": 251,
      "g": 229,
      "b": 247
    },
    "object": "skill-tree-regular3",
    "gx": 226,
    "gy": 78,
    "x": 98,
    "y": 78
  },
  "226,83": {
    "rotation": 90,
    "tint": {
      "r": 211,
      "g": 231,
      "b": 247
    },
    "object": "skill-tree-regular9",
    "gx": 226,
    "gy": 83,
    "x": 98,
    "y": 83
  },
  "227,126": {
    "rotation": 270,
    "tint": {
      "r": 223,
      "g": 244,
      "b": 215
    },
    "object": "skill-tree-regular4",
    "gx": 227,
    "gy": 126,
    "x": 99,
    "y": 126
  },
  "228,32": {
    "rotation": 270,
    "tint": {
      "r": 244,
      "g": 251,
      "b": 233
    },
    "object": "skill-tree-regular1",
    "gx": 228,
    "gy": 32,
    "x": 100,
    "y": 32
  },
  "228,72": {
    "rotation": 270,
    "tint": {
      "r": 249,
      "g": 218,
      "b": 218
    },
    "object": "skill-tree-regular1",
    "gx": 228,
    "gy": 72,
    "x": 100,
    "y": 72
  },
  "229,105": {
    "rotation": 270,
    "tint": {
      "r": 229,
      "g": 230,
      "b": 210
    },
    "object": "skill-tree-regular2",
    "gx": 229,
    "gy": 105,
    "x": 101,
    "y": 105
  },
  "229,109": {
    "rotation": 0,
    "tint": {
      "r": 216,
      "g": 249,
      "b": 227
    },
    "object": "skill-tree-regular1",
    "gx": 229,
    "gy": 109,
    "x": 101,
    "y": 109
  },
  "229,111": {
    "rotation": 90,
    "tint": {
      "r": 233,
      "g": 247,
      "b": 234
    },
    "object": "skill-tree-regular4",
    "gx": 229,
    "gy": 111,
    "x": 101,
    "y": 111
  },
  "230,114": {
    "rotation": 90,
    "tint": {
      "r": 248,
      "g": 230,
      "b": 226
    },
    "object": "skill-tree-regular6",
    "gx": 230,
    "gy": 114,
    "x": 102,
    "y": 114
  },
  "230,124": {
    "rotation": 180,
    "tint": {
      "r": 213,
      "g": 224,
      "b": 252
    },
    "object": "skill-tree-regular6",
    "gx": 230,
    "gy": 124,
    "x": 102,
    "y": 124
  },
  "231,27": {
    "rotation": 0,
    "tint": {
      "r": 211,
      "g": 226,
      "b": 251
    },
    "object": "skill-tree-regular10",
    "gx": 231,
    "gy": 27,
    "x": 103,
    "y": 27
  },
  "231,30": {
    "rotation": 90,
    "tint": {
      "r": 232,
      "g": 217,
      "b": 226
    },
    "object": "skill-tree-regular3",
    "gx": 231,
    "gy": 30,
    "x": 103,
    "y": 30
  },
  "231,35": {
    "rotation": 90,
    "tint": {
      "r": 210,
      "g": 215,
      "b": 250
    },
    "object": "skill-tree-regular3",
    "gx": 231,
    "gy": 35,
    "x": 103,
    "y": 35
  },
  "232,100": {
    "rotation": 180,
    "tint": {
      "r": 238,
      "g": 228,
      "b": 246
    },
    "object": "skill-tree-regular2",
    "gx": 232,
    "gy": 100,
    "x": 104,
    "y": 100
  },
  "232,123": {
    "rotation": 180,
    "tint": {
      "r": 238,
      "g": 215,
      "b": 222
    },
    "object": "skill-tree-regular8",
    "gx": 232,
    "gy": 123,
    "x": 104,
    "y": 123
  },
  "233,18": {
    "rotation": 90,
    "tint": {
      "r": 235,
      "g": 219,
      "b": 237
    },
    "object": "skill-tree-regular6",
    "gx": 233,
    "gy": 18,
    "x": 105,
    "y": 18
  },
  "234,102": {
    "rotation": 90,
    "tint": {
      "r": 230,
      "g": 215,
      "b": 236
    },
    "object": "skill-tree-regular4",
    "gx": 234,
    "gy": 102,
    "x": 106,
    "y": 102
  },
  "234,105": {
    "rotation": 180,
    "tint": {
      "r": 229,
      "g": 243,
      "b": 253
    },
    "object": "skill-tree-regular10",
    "gx": 234,
    "gy": 105,
    "x": 106,
    "y": 105
  },
  "234,116": {
    "rotation": 180,
    "tint": {
      "r": 214,
      "g": 221,
      "b": 230
    },
    "object": "skill-tree-regular10",
    "gx": 234,
    "gy": 116,
    "x": 106,
    "y": 116
  },
  "235,15": {
    "rotation": 0,
    "tint": {
      "r": 242,
      "g": 235,
      "b": 219
    },
    "object": "skill-tree-regular9",
    "gx": 235,
    "gy": 15,
    "x": 107,
    "y": 15
  },
  "235,44": {
    "rotation": 90,
    "tint": {
      "r": 235,
      "g": 218,
      "b": 248
    },
    "object": "skill-tree-regular4",
    "gx": 235,
    "gy": 44,
    "x": 107,
    "y": 44
  },
  "235,115": {
    "rotation": 180,
    "tint": {
      "r": 249,
      "g": 246,
      "b": 240
    },
    "object": "skill-tree-regular6",
    "gx": 235,
    "gy": 115,
    "x": 107,
    "y": 115
  },
  "236,45": {
    "rotation": 270,
    "tint": {
      "r": 225,
      "g": 219,
      "b": 215
    },
    "object": "skill-tree-regular1",
    "gx": 236,
    "gy": 45,
    "x": 108,
    "y": 45
  },
  "236,108": {
    "rotation": 90,
    "tint": {
      "r": 231,
      "g": 229,
      "b": 215
    },
    "object": "skill-tree-regular6",
    "gx": 236,
    "gy": 108,
    "x": 108,
    "y": 108
  },
  "237,11": {
    "rotation": 90,
    "tint": {
      "r": 238,
      "g": 210,
      "b": 224
    },
    "object": "skill-tree-regular1",
    "gx": 237,
    "gy": 11,
    "x": 109,
    "y": 11
  },
  "237,126": {
    "rotation": 0,
    "tint": {
      "r": 252,
      "g": 225,
      "b": 252
    },
    "object": "skill-tree-regular10",
    "gx": 237,
    "gy": 126,
    "x": 109,
    "y": 126
  },
  "238,105": {
    "rotation": 0,
    "tint": {
      "r": 226,
      "g": 222,
      "b": 233
    },
    "object": "skill-tree-regular9",
    "gx": 238,
    "gy": 105,
    "x": 110,
    "y": 105
  },
  "238,117": {
    "rotation": 270,
    "tint": {
      "r": 247,
      "g": 235,
      "b": 251
    },
    "object": "skill-tree-regular5",
    "gx": 238,
    "gy": 117,
    "x": 110,
    "y": 117
  },
  "239,26": {
    "rotation": 180,
    "tint": {
      "r": 227,
      "g": 216,
      "b": 232
    },
    "object": "skill-tree-regular7",
    "gx": 239,
    "gy": 26,
    "x": 111,
    "y": 26
  },
  "239,29": {
    "rotation": 0,
    "tint": {
      "r": 251,
      "g": 223,
      "b": 229
    },
    "object": "skill-tree-regular10",
    "gx": 239,
    "gy": 29,
    "x": 111,
    "y": 29
  },
  "239,30": {
    "rotation": 0,
    "tint": {
      "r": 229,
      "g": 251,
      "b": 246
    },
    "object": "skill-tree-regular10",
    "gx": 239,
    "gy": 30,
    "x": 111,
    "y": 30
  },
  "240,20": {
    "rotation": 90,
    "tint": {
      "r": 252,
      "g": 237,
      "b": 218
    },
    "object": "skill-tree-regular4",
    "gx": 240,
    "gy": 20,
    "x": 112,
    "y": 20
  },
  "240,29": {
    "rotation": 90,
    "tint": {
      "r": 240,
      "g": 210,
      "b": 236
    },
    "object": "skill-tree-regular9",
    "gx": 240,
    "gy": 29,
    "x": 112,
    "y": 29
  },
  "240,125": {
    "rotation": 270,
    "tint": {
      "r": 215,
      "g": 244,
      "b": 214
    },
    "object": "skill-tree-regular6",
    "gx": 240,
    "gy": 125,
    "x": 112,
    "y": 125
  },
  "241,56": {
    "rotation": 270,
    "tint": {
      "r": 223,
      "g": 222,
      "b": 245
    },
    "object": "skill-tree-regular10",
    "gx": 241,
    "gy": 56,
    "x": 113,
    "y": 56
  },
  "242,41": {
    "rotation": 270,
    "tint": {
      "r": 246,
      "g": 226,
      "b": 214
    },
    "object": "skill-tree-regular2",
    "gx": 242,
    "gy": 41,
    "x": 114,
    "y": 41
  },
  "242,44": {
    "rotation": 90,
    "tint": {
      "r": 223,
      "g": 217,
      "b": 226
    },
    "object": "skill-tree-regular3",
    "gx": 242,
    "gy": 44,
    "x": 114,
    "y": 44
  },
  "243,50": {
    "rotation": 270,
    "tint": {
      "r": 252,
      "g": 243,
      "b": 226
    },
    "object": "skill-tree-regular10",
    "gx": 243,
    "gy": 50,
    "x": 115,
    "y": 50
  },
  "243,114": {
    "rotation": 270,
    "tint": {
      "r": 228,
      "g": 225,
      "b": 251
    },
    "object": "skill-tree-regular10",
    "gx": 243,
    "gy": 114,
    "x": 115,
    "y": 114
  },
  "244,111": {
    "rotation": 180,
    "tint": {
      "r": 241,
      "g": 212,
      "b": 212
    },
    "object": "skill-tree-regular4",
    "gx": 244,
    "gy": 111,
    "x": 116,
    "y": 111
  },
  "245,40": {
    "rotation": 180,
    "tint": {
      "r": 224,
      "g": 210,
      "b": 229
    },
    "object": "skill-tree-regular2",
    "gx": 245,
    "gy": 40,
    "x": 117,
    "y": 40
  },
  "245,113": {
    "rotation": 270,
    "tint": {
      "r": 230,
      "g": 250,
      "b": 210
    },
    "object": "skill-tree-regular3",
    "gx": 245,
    "gy": 113,
    "x": 117,
    "y": 113
  },
  "245,125": {
    "rotation": 270,
    "tint": {
      "r": 254,
      "g": 251,
      "b": 221
    },
    "object": "skill-tree-regular6",
    "gx": 245,
    "gy": 125,
    "x": 117,
    "y": 125
  },
  "246,3": {
    "rotation": 90,
    "tint": {
      "r": 212,
      "g": 216,
      "b": 214
    },
    "object": "skill-tree-regular5",
    "gx": 246,
    "gy": 3,
    "x": 118,
    "y": 3
  },
  "246,47": {
    "rotation": 0,
    "tint": {
      "r": 250,
      "g": 251,
      "b": 233
    },
    "object": "skill-tree-regular7",
    "gx": 246,
    "gy": 47,
    "x": 118,
    "y": 47
  },
  "246,50": {
    "rotation": 270,
    "tint": {
      "r": 216,
      "g": 234,
      "b": 250
    },
    "object": "skill-tree-regular4",
    "gx": 246,
    "gy": 50,
    "x": 118,
    "y": 50
  },
  "246,101": {
    "rotation": 270,
    "tint": {
      "r": 212,
      "g": 222,
      "b": 223
    },
    "object": "skill-tree-regular3",
    "gx": 246,
    "gy": 101,
    "x": 118,
    "y": 101
  },
  "246,106": {
    "rotation": 90,
    "tint": {
      "r": 223,
      "g": 244,
      "b": 242
    },
    "object": "skill-tree-regular8",
    "gx": 246,
    "gy": 106,
    "x": 118,
    "y": 106
  },
  "247,63": {
    "rotation": 180,
    "tint": {
      "r": 224,
      "g": 218,
      "b": 244
    },
    "object": "skill-tree-regular3",
    "gx": 247,
    "gy": 63,
    "x": 119,
    "y": 63
  },
  "247,92": {
    "rotation": 270,
    "tint": {
      "r": 216,
      "g": 252,
      "b": 249
    },
    "object": "skill-tree-regular5",
    "gx": 247,
    "gy": 92,
    "x": 119,
    "y": 92
  },
  "247,118": {
    "rotation": 0,
    "tint": {
      "r": 243,
      "g": 218,
      "b": 250
    },
    "object": "skill-tree-regular9",
    "gx": 247,
    "gy": 118,
    "x": 119,
    "y": 118
  },
  "248,60": {
    "rotation": 180,
    "tint": {
      "r": 238,
      "g": 238,
      "b": 238
    },
    "object": "skill-tree-regular10",
    "gx": 248,
    "gy": 60,
    "x": 120,
    "y": 60
  },
  "248,89": {
    "rotation": 90,
    "tint": {
      "r": 227,
      "g": 237,
      "b": 245
    },
    "object": "skill-tree-regular1",
    "gx": 248,
    "gy": 89,
    "x": 120,
    "y": 89
  },
  "249,97": {
    "rotation": 180,
    "tint": {
      "r": 217,
      "g": 253,
      "b": 243
    },
    "object": "skill-tree-regular3",
    "gx": 249,
    "gy": 97,
    "x": 121,
    "y": 97
  },
  "250,9": {
    "rotation": 90,
    "tint": {
      "r": 216,
      "g": 217,
      "b": 245
    },
    "object": "skill-tree-regular5",
    "gx": 250,
    "gy": 9,
    "x": 122,
    "y": 9
  },
  "250,13": {
    "rotation": 0,
    "tint": {
      "r": 239,
      "g": 240,
      "b": 220
    },
    "object": "skill-tree-regular3",
    "gx": 250,
    "gy": 13,
    "x": 122,
    "y": 13
  },
  "250,20": {
    "rotation": 270,
    "tint": {
      "r": 237,
      "g": 210,
      "b": 212
    },
    "object": "skill-tree-regular6",
    "gx": 250,
    "gy": 20,
    "x": 122,
    "y": 20
  },
  "250,30": {
    "rotation": 0,
    "tint": {
      "r": 215,
      "g": 240,
      "b": 253
    },
    "object": "skill-tree-regular4",
    "gx": 250,
    "gy": 30,
    "x": 122,
    "y": 30
  },
  "250,63": {
    "rotation": 90,
    "tint": {
      "r": 253,
      "g": 240,
      "b": 252
    },
    "object": "skill-tree-regular8",
    "gx": 250,
    "gy": 63,
    "x": 122,
    "y": 63
  },
  "250,76": {
    "rotation": 90,
    "tint": {
      "r": 234,
      "g": 241,
      "b": 215
    },
    "object": "skill-tree-regular6",
    "gx": 250,
    "gy": 76,
    "x": 122,
    "y": 76
  },
  "251,33": {
    "rotation": 180,
    "tint": {
      "r": 227,
      "g": 215,
      "b": 234
    },
    "object": "skill-tree-regular3",
    "gx": 251,
    "gy": 33,
    "x": 123,
    "y": 33
  },
  "251,37": {
    "rotation": 0,
    "tint": {
      "r": 225,
      "g": 228,
      "b": 216
    },
    "object": "skill-tree-regular5",
    "gx": 251,
    "gy": 37,
    "x": 123,
    "y": 37
  },
  "251,46": {
    "rotation": 0,
    "tint": {
      "r": 216,
      "g": 251,
      "b": 224
    },
    "object": "skill-tree-regular6",
    "gx": 251,
    "gy": 46,
    "x": 123,
    "y": 46
  },
  "251,54": {
    "rotation": 90,
    "tint": {
      "r": 252,
      "g": 229,
      "b": 249
    },
    "object": "skill-tree-regular1",
    "gx": 251,
    "gy": 54,
    "x": 123,
    "y": 54
  },
  "251,71": {
    "rotation": 180,
    "tint": {
      "r": 217,
      "g": 239,
      "b": 216
    },
    "object": "skill-tree-regular10",
    "gx": 251,
    "gy": 71,
    "x": 123,
    "y": 71
  },
  "251,82": {
    "rotation": 0,
    "tint": {
      "r": 250,
      "g": 242,
      "b": 235
    },
    "object": "skill-tree-regular9",
    "gx": 251,
    "gy": 82,
    "x": 123,
    "y": 82
  },
  "251,104": {
    "rotation": 90,
    "tint": {
      "r": 243,
      "g": 246,
      "b": 235
    },
    "object": "skill-tree-regular1",
    "gx": 251,
    "gy": 104,
    "x": 123,
    "y": 104
  },
  "251,108": {
    "rotation": 270,
    "tint": {
      "r": 240,
      "g": 223,
      "b": 243
    },
    "object": "skill-tree-regular3",
    "gx": 251,
    "gy": 108,
    "x": 123,
    "y": 108
  },
  "252,6": {
    "rotation": 0,
    "tint": {
      "r": 226,
      "g": 221,
      "b": 243
    },
    "object": "skill-tree-regular9",
    "gx": 252,
    "gy": 6,
    "x": 124,
    "y": 6
  },
  "252,7": {
    "rotation": 0,
    "tint": {
      "r": 223,
      "g": 219,
      "b": 237
    },
    "object": "skill-tree-regular6",
    "gx": 252,
    "gy": 7,
    "x": 124,
    "y": 7
  },
  "252,63": {
    "rotation": 270,
    "tint": {
      "r": 221,
      "g": 225,
      "b": 245
    },
    "object": "skill-tree-regular9",
    "gx": 252,
    "gy": 63,
    "x": 124,
    "y": 63
  },
  "252,64": {
    "rotation": 180,
    "tint": {
      "r": 242,
      "g": 221,
      "b": 253
    },
    "object": "skill-tree-regular5",
    "gx": 252,
    "gy": 64,
    "x": 124,
    "y": 64
  },
  "252,113": {
    "rotation": 90,
    "tint": {
      "r": 215,
      "g": 231,
      "b": 253
    },
    "object": "skill-tree-regular7",
    "gx": 252,
    "gy": 113,
    "x": 124,
    "y": 113
  },
  "252,123": {
    "rotation": 0,
    "tint": {
      "r": 229,
      "g": 252,
      "b": 220
    },
    "object": "skill-tree-regular5",
    "gx": 252,
    "gy": 123,
    "x": 124,
    "y": 123
  },
  "253,25": {
    "rotation": 270,
    "tint": {
      "r": 220,
      "g": 247,
      "b": 223
    },
    "object": "skill-tree-regular7",
    "gx": 253,
    "gy": 25,
    "x": 125,
    "y": 25
  },
  "253,48": {
    "rotation": 180,
    "tint": {
      "r": 253,
      "g": 230,
      "b": 236
    },
    "object": "skill-tree-regular2",
    "gx": 253,
    "gy": 48,
    "x": 125,
    "y": 48
  },
  "253,83": {
    "rotation": 0,
    "tint": {
      "r": 248,
      "g": 250,
      "b": 230
    },
    "object": "skill-tree-regular4",
    "gx": 253,
    "gy": 83,
    "x": 125,
    "y": 83
  },
  "254,10": {
    "rotation": 180,
    "tint": {
      "r": 223,
      "g": 235,
      "b": 226
    },
    "object": "skill-tree-regular9",
    "gx": 254,
    "gy": 10,
    "x": 126,
    "y": 10
  },
  "254,44": {
    "rotation": 0,
    "tint": {
      "r": 216,
      "g": 223,
      "b": 248
    },
    "object": "skill-tree-regular3",
    "gx": 254,
    "gy": 44,
    "x": 126,
    "y": 44
  },
  "254,99": {
    "rotation": 180,
    "tint": {
      "r": 246,
      "g": 248,
      "b": 245
    },
    "object": "skill-tree-regular7",
    "gx": 254,
    "gy": 99,
    "x": 126,
    "y": 99
  },
  "254,122": {
    "rotation": 270,
    "tint": {
      "r": 227,
      "g": 226,
      "b": 217
    },
    "object": "skill-tree-regular1",
    "gx": 254,
    "gy": 122,
    "x": 126,
    "y": 122
  }
}