{
    "nick": "Door",
    "examine": "It's like a wall, but you can open it.",
    "model": "polygon",
    "texture": "wood_door.png",
    "minimap": "wall",
    "shadow": true,
    "collision": {
        "tile": "free",
        "walls": "door"
    },
    "offset": {
        "x": 0.5,
        "y": 0.8,
        "z": 0
    },
    "scale": {
        "x": 1,
        "y": 1,
        "z": 1
    },
    "actions": [
        "Open"
    ],
    "impl": {
        "class": "door",
        "params": ""
    },
    "states": {
        "open": {
            "actions": [
                "Close"
            ],
            "mod": "open-door"
        }
    }
}