{
  "brick-base": {
    "type": "polygon",
    "texture": "brick-base.png"
  },
  "brick-left": {
    "type": "polygon",
    "texture": "brick-left.png"
  },
  "brick-right": {
    "type": "polygon",
    "texture": "brick-right.png"
  },
  "brick-window": {
    "type": "polygon",
    "texture": "brick-window.png"
  },
  "brick_dark-base": {
    "type": "polygon",
    "texture": "brick_dark-base.png"
  },
  "brick_dark-left": {
    "type": "polygon",
    "texture": "brick_dark-left.png"
  },
  "brick_dark-right": {
    "type": "polygon",
    "texture": "brick_dark-right.png"
  },
  "brick_dark-window": {
    "type": "polygon",
    "texture": "brick_dark-window.png"
  },
  "castle-tower_top": {
    "type": "polygon",
    "texture": "castle-tower_top.png"
  },
  "church-base": {
    "type": "polygon",
    "texture": "church-base.png"
  },
  "church-left": {
    "type": "polygon",
    "texture": "church-left.png"
  },
  "church-right": {
    "type": "polygon",
    "texture": "church-right.png"
  },
  "church-window": {
    "type": "polygon",
    "texture": "church-window.png"
  },
  "doorframe-wood": {
    "type": "polygon",
    "texture": "doorframe-wood.png",
    "shoot-through": true
  },
  "dungeon-catacombs": {
    "type": "polygon",
    "texture": "dungeon-catacombs.png"
  },
  "empty": {
    "type": "polygon",
    "texture": "empty.png"
  },
  "fence-iron": {
    "type": "polygon",
    "texture": "fence-iron.png",
    "shoot-through": true
  },
  "fence-picket": {
    "type": "polygon",
    "texture": "fence-picket.png"
  },
  "fence-picket_med": {
    "type": "polygon",
    "texture": "fence-picket_med.png"
  },
  "fence-picket_small": {
    "type": "polygon",
    "texture": "fence-picket_small.png",
    "shoot-through": true
  },
  "fence-rusty": {
    "type": "polygon",
    "texture": "fence-rusty.png"
  },
  "natural-dirt": {
    "type": "polygon",
    "texture": "natural-dirt.png"
  },
  "natural-dirt2": {
    "type": "polygon",
    "texture": "natural-dirt2.png"
  },
  "natural-ice": {
    "type": "polygon",
    "texture": "natural-ice.png"
  },
  "natural-mossy": {
    "type": "polygon",
    "texture": "natural-mossy.png"
  },
  "natural-rock": {
    "type": "polygon",
    "texture": "natural-rock.png"
  },
  "natural-sand": {
    "type": "polygon",
    "texture": "natural-sand.png"
  },
  "natural-sand2": {
    "type": "polygon",
    "texture": "natural-sand2.png"
  },
  "natural-stone": {
    "type": "polygon",
    "texture": "natural-stone.png"
  },
  "plaster-base": {
    "type": "polygon",
    "texture": "plaster-base.png"
  },
  "plaster-left": {
    "type": "polygon",
    "texture": "plaster-left.png"
  },
  "plaster-right": {
    "type": "polygon",
    "texture": "plaster-right.png"
  },
  "plaster-window": {
    "type": "polygon",
    "texture": "plaster-window.png"
  },
  "ruined-base": {
    "type": "polygon",
    "texture": "ruined-base.png"
  },
  "ruined-clean-base": {
    "type": "polygon",
    "texture": "ruined-clean-base.png"
  },
  "ruined-clean-left": {
    "type": "polygon",
    "texture": "ruined-clean-left.png"
  },
  "ruined-clean-right": {
    "type": "polygon",
    "texture": "ruined-clean-right.png"
  },
  "ruined-clean-window": {
    "type": "polygon",
    "texture": "ruined-clean-window.png"
  },
  "ruined-left": {
    "type": "polygon",
    "texture": "ruined-left.png"
  },
  "ruined-right": {
    "type": "polygon",
    "texture": "ruined-right.png"
  },
  "ruined-window": {
    "type": "polygon",
    "texture": "ruined-window.png"
  },
  "ruined-window2": {
    "type": "polygon",
    "texture": "ruined-window2.png"
  },
  "stone-base": {
    "type": "polygon",
    "texture": "stone-base.png"
  },
  "stone-both": {
    "type": "polygon",
    "texture": "stone-both.png"
  },
  "stone-left": {
    "type": "polygon",
    "texture": "stone-left.png"
  },
  "stone-right": {
    "type": "polygon",
    "texture": "stone-right.png"
  },
  "stone-window": {
    "type": "polygon",
    "texture": "stone-window.png"
  },
  "wood-base": {
    "type": "polygon",
    "texture": "wood-base.png"
  },
  "wood-left": {
    "type": "polygon",
    "texture": "wood-left.png"
  },
  "wood-right": {
    "type": "polygon",
    "texture": "wood-right.png"
  },
  "wood-window": {
    "type": "polygon",
    "texture": "wood-window.png"
  },
  "wood_bright-base": {
    "type": "polygon",
    "texture": "wood_bright-base.png"
  },
  "wood_bright-left": {
    "type": "polygon",
    "texture": "wood_bright-left.png"
  },
  "wood_bright-right": {
    "type": "polygon",
    "texture": "wood_bright-right.png"
  },
  "wood_bright-window": {
    "type": "polygon",
    "texture": "wood_bright-window.png"
  },
  "wood_dark-base": {
    "type": "polygon",
    "texture": "wood_dark-base.png"
  },
  "wood_dark-left": {
    "type": "polygon",
    "texture": "wood_dark-left.png"
  },
  "wood_dark-right": {
    "type": "polygon",
    "texture": "wood_dark-right.png"
  },
  "wood_dark-window": {
    "type": "polygon",
    "texture": "wood_dark-window.png"
  }
}